Date,Headline,Category
20110102,socceroos bring in oar for garcia,Sports
20110103,socceroos look to make asian cup amends,Sports
20110106,socceroos have work to do neill,Sports
20110106,socceroos struggle in asian cup warm up,Sports
20110107,clarke denies australian cricket in crisis,Sports
20110107,clarke quits t20 cricket,Sports
20110107,final chance for socceroos golden boys,Sports
20110107,football blatter expects qatar world cup in winter,Sports
20110108,socceroos not distracted by korea,Sports
20110109,full strength socceroos to face india,Sports
20110110,cricket an absurd matter of national import,Sports
20110110,emerton keen to stay with socceroos,Sports
20110110,ponting backs cricket australia review,Sports
20110110,socceroos to show no mercy,Sports
20110111,is soccer australias last sporting hope,Sports
20110112,cricketers unite behind flood victims,Sports
20110112,socceroos switch focus to south korea,Sports
20110114,axed hauritz named crickets mr december,Sports
20110114,socceroos concerned by massive disaster,Sports
20110115,socceroos share the spoils with korea,Sports
20110115,socceroos subs ready to step up,Sports
20110117,mortal footballing combat,Sports
20110117,socceroos wrapped in cotton wool,Sports
20110121,multilingual shakespeare for 2012 olympics,Sports
20110121,next generation socceroos,Sports
20110121,socceroos hopeful injured trio will play,Sports
20110121,women cricketers gear up for ashes test,Sports
20110122,socceroos dream of something special,Sports
20110123,kewell magic sends socceroos to semis,Sports
20110123,kewell sends socceroos to asian cup semi finals,Sports
20110124,aussie teen wins worldwide football comp,Sports
20110124,socceroos show uzbeks respect,Sports
20110125,schwarzer set to match socceroos record,Sports
20110126,socceroos boast defensive physical edge,Sports
20110126,socceroos reach asian cup final,Sports
20110126,socceroos romp through to asian cup final,Sports
20110126,socceroos show ruthless streak,Sports
20110126,soccer pundit axed over sexist comments,Sports
20110127,cricket mogul stanford unfit for trial judge,Sports
20110128,the hour of footballing destiny,Sports
20110130,heartbroken socceroos proud disappointed,Sports
20110131,pitch to be worked on around the clock for cricket,Sports
20110201,basketball fan slam dunks himself,Sports
20110202,football legend dies,Sports
20110202,socceroos lose top asian ranking,Sports
20110207,indigenous cricket clash under a cloud,Sports
20110209,aa flags perth for worlds olympics,Sports
20110209,wa and qld dominate indigenous cricket carnival,Sports
20110211,anger and angst over abbotts fantasy football,Sports
20110211,nsw showing form in indigenous cricket carnival,Sports
20110216,socceroos to pocket extra after cup run,Sports
20110217,basketball bracing for kiwi championship,Sports
20110217,soccer scores 5m nsw opposition promise,Sports
20110217,whos the boss footy and cricket fight over oval,Sports
20110218,football fans blame police for hostilities,Sports
20110221,alarmist police reinforce soccers siege mentality,Sports
20110223,top young aussie cricketers to play in darwin,Sports
20110228,expert urges lights out for cricket influx,Sports
20110304,crooked one day commentator the next crickets,Sports
20110304,dorey retires from cricket,Sports
20110311,football could still save fevola afl boss,Sports
20110314,darwin could host a league football game,Sports
20110314,wwi trenches football goes on display,Sports
20110315,langerak earns socceroos nod,Sports
20110315,rudd flick passes political football,Sports
20110318,football netball club future up for discussion,Sports
20110320,man bashed with cricket bats rolling pins,Sports
20110323,liberals match labor pledge to soccer fraternity,Sports
20110327,kruse a chance of socceroos start,Sports
20110328,socceroos expect no german favours,Sports
20110401,cricket final creates melbourne cabbie shortage,Sports
20110405,soccer helping refugees settle,Sports
20110405,woman seeks 900k over olympics dispute,Sports
20110406,public toilet provision becomes political football,Sports
20110407,cricketer bowls miracle over,Sports
20110409,hobart football club talks up its future,Sports
20110413,dwyer eyes olympics after surgery,Sports
20110413,footballer cleared of drug dealing,Sports
20110413,socceroos into world top 20,Sports
20110414,tendulkar named wisden cricketer of year,Sports
20110418,cricket club opens new clubhouse,Sports
20110420,hunter valley plans to re create historic cricket,Sports
20110420,socceroos to face nz in friendly,Sports
20110421,cup runneth over in madrid football parade,Sports
20110501,footballer critical after one punch attack,Sports
20110505,socceroos arrange serbia friendly,Sports
20110507,father of assaulted footballer faces tough decision,Sports
20110507,london unprepared for olympics terrorist attack,Sports
20110512,outpouring of support for injured footballer,Sports
20110513,cricket australia backs review system,Sports
20110515,soccer group seeks central home for game,Sports
20110518,footballer luke adams out of intensive care,Sports
20110518,gaelic football takes hold,Sports
20110518,stuart clark quits state cricket,Sports
20110523,areyonga has disappointing football debut,Sports
20110524,bellerive plan becomes political football,Sports
20110525,former socceroo on gun charges,Sports
20110525,indigenous band to perform at london olympics,Sports
20110527,afl player moves to american football,Sports
20110531,cricket greats join jenner farewell,Sports
20110602,socceroos wary of out of sorts all whites,Sports
20110603,cook vies for olympics number five,Sports
20110607,richard gray and his son went to the soccer and,Sports
20110607,socceroos play out serbia stalemate,Sports
20110608,cricket star perry in matildas cup squad,Sports
20110608,pro mladic banners unfurled at socceroos game,Sports
20110608,socceroos serbia in scoreless thriller data,Sports
20110609,london olympics torch unveiled,Sports
20110610,katich hits out at cricket australia,Sports
20110610,wa athletes farewelled ahead of special olympics,Sports
20110613,a cricket match and an art auction with a,Sports
20110614,tri series returns to cricket schedule,Sports
20110616,teen footballer gets under 14s all clear,Sports
20110617,i want to play football luke adams,Sports
20110621,football unites canberra refugees,Sports
20110621,former footballer on trial over partners assault,Sports
20110622,former footballer says he is attending anger course,Sports
20110623,hockey hopefuls shoot for olympics,Sports
20110623,olyroos pass first hurdle to olympics,Sports
20110624,football legends farewelled in sydney funerals,Sports
20110624,styris quits international cricket,Sports
20110627,argentine football fans riot in the stands,Sports
20110627,aussies move into womens cricket final,Sports
20110629,socceroos to face wales for first time,Sports
20110630,school boys football rr footy carnival,Sports
20110704,afl draft hopeful undecided on cricket,Sports
20110704,former football great don roach dies,Sports
20110704,special olympics athletes strike gold,Sports
20110706,reds score socceroo,Sports
20110707,police investigate soccer clash,Sports
20110708,wide bay footballers join rangers for interstate,Sports
20110711,diamond books olympics spot,Sports
20110714,cricket sri lanka malinga,Sports
20110718,referees strike cancels soccer matches,Sports
20110720,footballer in strike for penalty kick,Sports
20110722,tributes flow for soccer star killed in car crash,Sports
20110722,whateley malthouse facing football mortality,Sports
20110723,opals count down to olympics,Sports
20110726,ladhams football boat accident,Sports
20110727,china searches for next basketball star,Sports
20110727,olympics stadium nearly ready for 2012,Sports
20110728,umpires strike suspension footballer,Sports
20110729,cricket needs big bash to work: ponting,Sports
20110731,osieck plays down socceroos draw,Sports
20110731,socceroos drawn with saudis,Sports
20110801,oar rescues young socceroos,Sports
20110802,socceroos squad announced,Sports
20110803,basketballer retires,Sports
20110803,football father guilty of assault,Sports
20110803,junior football mandatory penalties,Sports
20110804,young socceroos go down,Sports
20110805,socceroos first qualifier in brisbane,Sports
20110809,england cricketers avoid riots,Sports
20110810,man defends pub from rioters with cricket bat,Sports
20110812,coe dispels olympics doubts,Sports
20110814,england tops cricket rankings,Sports
20110815,basketball fire,Sports
20110817,british police foiled riots at 2012 olympics venues,Sports
20110817,ollyroos olympics,Sports
20110819,soccer carnival kicks off,Sports
20110822,brawl players soccer,Sports
20110823,key trio for socceroos,Sports
20110831,teen football player dies after heart attack,Sports
20110831,test cricket sri lanka australia,Sports
20110901,socceroos to field strong side,Sports
20110902,cowell football club,Sports
20110902,mining for footballers,Sports
20110902,six cities bid for 2020 olympics,Sports
20110906,socceroos warned to snatch up herd,Sports
20110907,football dad sentenced,Sports
20110907,socceroos sweep past saudis,Sports
20110909,matildas keep olympics bid alive,Sports
20110913,three aussie cricketers in hall of fame,Sports
20110914,south coast football funds to be probed,Sports
20110920,aussie women don boxing gloves for olympics,Sports
20110922,junion football player suspended indefinitely over fight,Sports
20110922,sanfl abc deal football,Sports
20110928,several rape attempts outside png football match,Sports
20111003,cahill; schwarzer ruled out for socceroos,Sports
20111004,mckay named top australian footballer,Sports
20111005,its just not cricket for charlesworth,Sports
20111005,malthouse to ponder future in cricket,Sports
20111005,malthouse to ponder future of cricket,Sports
20111005,union set to back socceroo culina,Sports
20111007,socceroos put five on malaysia,Sports
20111010,socceroos not counting chickens yet,Sports
20111011,australian cricketers 'biggest match fixers',Sports
20111011,cricket art prize,Sports
20111011,socceroos bury oman,Sports
20111012,london olympics 2012 gridlock,Sports
20111013,former wallaby howard to lead cricket revival,Sports
20111014,country football review recommends big changes,Sports
20111014,pearson back gearing for london olympics,Sports
20111019,crows set sights on us college basketballer,Sports
20111019,history shed on football origin,Sports
20111030,staying mr cricket gets harder: hussey,Sports
20111102,former socceroo madaschi joins heart,Sports
20111102,herd joins stars in socceroos call up,Sports
20111102,match fixers let cricket fans down,Sports
20111102,nichols grabs socceroos chance,Sports
20111104,mitchell just how big is crickets spot fixing iceberg,Sports
20111104,shaw cricket corruption part of the pantomine,Sports
20111105,young socceroos thrash macau 12 0,Sports
20111107,herd to miss socceroo qualifiers,Sports
20111108,bangkok floods force socceroos switch,Sports
20111109,ca wants australia cricket coach by summer,Sports
20111112,australia loses first cricket test,Sports
20111112,osieck backs socceroos to bounce back,Sports
20111112,socceroos lose 1 0 to oman,Sports
20111112,socceroos shocked by oman,Sports
20111113,cricket australia chief james sutherland on peter,Sports
20111113,cricket commentator harsha bogle on peter robuck,Sports
20111113,socceroos lose injured kewell,Sports
20111114,langer admits aussie cricket at low point,Sports
20111114,the cricket world mourns roebuck,Sports
20111115,missiles could defend london olympics,Sports
20111116,australian cricket is clean ca boss,Sports
20111116,socceroos advance in wc2014 bid,Sports
20111120,stars mourn socceroos keeper's son,Sports
20111122,arthur named new aussie cricket coach,Sports
20111122,casson retires from all cricket,Sports
20111123,olyroos frustrated in olympics bid,Sports
20111123,socceroos slip outside fifa top 20,Sports
20111124,djeparov crowned asian football best,Sports
20111127,olyroos goal drought hurts olympics hopes,Sports
20111128,football clubs pay tribute to speed,Sports
20111128,reds lose socceroo vidosic,Sports
20111203,brazilian soccer star socrates in 'critical' condition,Sports
20111205,football fans fell goalposts,Sports
20111207,aussie cricket team arrives in tasmania,Sports
20111208,cricket australia to overhaul board,Sports
20111208,stingers look to london olympics,Sports
20111210,peter newlinds royalty at the cricket,Sports
20111212,aussies beat nz but were not talking cricket,Sports
20111214,cricket batting camp,Sports
20111214,cricketers earnings rise despite form slump,Sports
20111215,dravid demands cricket revamp,Sports
20111215,mitchell australian cricket where to from here,Sports
20111215,porsche the pig loves cricket on the radio,Sports
20111216,basketball player fractures skull,Sports
20111216,troops to protect london olympics,Sports
20111222,council resolves football ground stalemate,Sports
20111223,grandstand cricket cow corner,Sports
20111226,cricket bats hammers used in christmas assault,Sports
20111227,lewis i dont like test cricket; i love it,Sports
20111228,elephant football match kicks off,Sports
20111228,long live test cricket,Sports
20111228,soccer team minibus rolls on f3 freeway,Sports
20111229,almaliki saving cricket: a matter of national interest,Sports
20111230,indian cricket experts on loss to australia,Sports
20111231,grandstand signed cricket bat competition,Sports
